"0","# C start"
"0","CC <- 'C/C'"
"0","CG <- 'C/G'"
"0","CT <- 'C/T'"
"0","#G start"
"0","GG <- 'G/G'"
"0","GA <- 'G/A'"
"0","GT <- 'G/T'"
"0","#T start"
"0","TT <-  'T/T'"
"0","TC <- 'T/C'"
"0","#A start"
"0","AA <- 'A/A'"
"0","AC <- 'A/C'"
"0","AG <- 'A/G'"
"0","#iowa %>% count(rs11505922) %>% glimpse() #used to formulate levels at each variant"
"0","# rs7791396"
"0","iowa  <-  iowa %>% mutate(rs7791396 = factor(rs7791396, levels = c(CC,CG,GG)))"
"0","# rs12155328"
"0","iowa <-  iowa %>% mutate(rs12155328 = factor(rs12155328, levels = c(CC,CT,TT)))"
"0","# rs10447760"
"0","iowa <-  iowa %>% mutate(rs10447760 = factor(rs10447760, levels = c(CC,CT,TT)))"
"0","# rs10953754"
"0","iowa <-  iowa %>% mutate(rs10953754 = factor(rs10953754, levels = c(AA,AG,GG)))"
"0","# rs2244419"
"0","iowa <-  iowa %>% mutate(rs2244419 = factor(rs2244419, levels = c(CC,CT,TT)))"
"0","# rs1668335"
"0","iowa <-  iowa %>% mutate(rs1668335 = factor(rs1668335, levels = c(AA,GA,GG)))"
"0","# rs2396720"
"0","iowa <-  iowa %>% mutate(rs2396720 = factor(rs2396720, levels = c(AA,AC,CC)))"
"0","# rrs1916988"
"0","iowa <-  iowa %>% mutate(rs1916988 = factor(rs1916988, levels = c(CC,TC,TT)))"
"0","# rs11505992"
"0","iowa <-  iowa %>% mutate(rs11505922 = factor(rs11505922, levels = c(CC,CT,TT)))"
"0","# rs7785701"
"0","iowa <-  iowa %>% mutate(rs7785701 = factor(rs7785701, levels = c(CC,CG,GG)))"
"0","# rs2106900"
"0","iowa <-  iowa %>% mutate(rs2106900 = factor(rs2106900, levels = c(AA,GA,GG)))"
"0","# rs7799652"
"0","iowa <-  iowa %>% mutate(rs7799652 = factor(rs7799652, levels = c(GG,GT,TT)))"
"0","# rs1005958"
"0","iowa <-  iowa %>% mutate(rs1005958 = factor(rs1005958, levels = c(CC,TC,TT)))"
"0","# ELVS dataset:"
"0","# rrs1916988"
"0","elvs <-  elvs %>% mutate(rs1916988 = factor(rs1916988, levels = c(CC,CT,TT)))"
