"0","iowa %>% skim() "
"1","Skim summary statistics
"
"1"," n obs:"
"1"," "
"1","834"
"1"," "
"1","
"
"1"," n variables:"
"1"," "
"1","17"
"1"," "
"1","
"
"1","
"
"1","-- Variable type:character -----------------------------------------------------"
"1","
"
"1"," variable"
"1"," missing"
"1"," complete"
"1","   n"
"1"," min"
"1"," max"
"1"," empty"
"1"," n_unique"
"1","
"
"1","       ID"
"1","       0"
"1","      834"
"1"," 834"
"1","   8"
"1","  12"
"1","     0"
"1","      834"
"1","
"
"1","   Sample"
"1","       0"
"1","      834"
"1"," 834"
"1","   6"
"1","  12"
"1","     0"
"1","        2"
"1","
"
"1","
"
"1","-- Variable type:factor --------------------------------------------------------"
"1","
"
"1","   variable"
"1"," missing"
"1"," complete"
"1","   n"
"1"," n_unique"
"1","                           top_counts"
"1"," ordered"
"1","
"
"1","  rs1005958"
"1","      54"
"1","      780"
"1"," 834"
"1","        3"
"1"," T/C: 393, T/T: 222, C/C: 165, NA: 54"
"1","   FALSE"
"1","
"
"1"," rs10447760"
"1","      48"
"1","      786"
"1"," 834"
"1","        3"
"1","  C/C: 456, C/T: 278, T/T: 52, NA: 48"
"1","   FALSE"
"1","
"
"1"," rs10953754"
"1","      49"
"1","      785"
"1"," 834"
"1","        3"
"1"," A/G: 390, A/A: 282, G/G: 113, NA: 49"
"1","   FALSE"
"1","
"
"1"," rs11505922"
"1","      24"
"1","      810"
"1"," 834"
"1","        3"
"1"," C/T: 407, T/T: 218, C/C: 185, NA: 24"
"1","   FALSE"
"1","
"
"1"," rs12155328"
"1","      87"
"1","      747"
"1"," 834"
"1","        3"
"1"," C/T: 336, C/C: 245, T/T: 166, NA: 87"
"1","   FALSE"
"1","
"
"1","  rs1668335"
"1","      25"
"1","      809"
"1"," 834"
"1","        3"
"1","  G/A: 365, G/G: 364, A/A: 80, NA: 25"
"1","   FALSE"
"1","
"
"1","  rs1916988"
"1","      35"
"1","      799"
"1"," 834"
"1","        3"
"1","  T/C: 366, T/T: 354, C/C: 79, NA: 35"
"1","   FALSE"
"1","
"
"1","  rs2106900"
"1","      39"
"1","      795"
"1"," 834"
"1","        3"
"1"," G/A: 375, G/G: 245, A/A: 175, NA: 39"
"1","   FALSE"
"1","
"
"1","  rs2244419"
"1","      19"
"1","      815"
"1"," 834"
"1","        3"
"1","   C/C: 689, C/T: 121, NA: 19, T/T: 5"
"1","   FALSE"
"1","
"
"1","  rs2396720"
"1","      23"
"1","      811"
"1"," 834"
"1","        2"
"1","    C/C: 787, A/C: 24, NA: 23, A/A: 0"
"1","   FALSE"
"1","
"
"1","  rs7785701"
"1","      39"
"1","      795"
"1"," 834"
"1","        3"
"1"," C/G: 376, G/G: 252, C/C: 167, NA: 39"
"1","   FALSE"
"1","
"
"1","  rs7791396"
"1","      62"
"1","      772"
"1"," 834"
"1","        3"
"1"," C/G: 368, C/C: 299, G/G: 105, NA: 62"
"1","   FALSE"
"1","
"
"1","  rs7799652"
"1","      58"
"1","      776"
"1"," 834"
"1","        3"
"1"," G/T: 382, T/T: 210, G/G: 184, NA: 58"
"1","   FALSE"
"1","
"
"1","
"
"1","-- Variable type:integer -------------------------------------------------------"
"1","
"
"1"," variable"
"1"," missing"
"1"," complete"
"1","   n"
"1","  mean"
"1","    sd"
"1"," p0"
"1","    p25"
"1","   p50"
"1","    p75"
"1"," p100"
"1","     hist"
"1","
"
"1","       X1"
"1","       0"
"1","      834"
"1"," 834"
"1"," 417.5"
"1"," 240.9"
"1","  1"
"1"," 209.25"
"1"," 417.5"
"1"," 625.75"
"1","  834"
"1"," ▇▇▇▇▇▇▇▇"
"1","
"
"1","
"
"1","-- Variable type:numeric -------------------------------------------------------"
"1","
"
"1"," variable"
"1"," missing"
"1"," complete"
"1","   n"
"1","  mean"
"1","   sd"
"1","    p0"
"1","   p25"
"1","   p50"
"1","  p75"
"1"," p100"
"1","     hist"
"1","
"
"1","    LCOMP"
"1","       0"
"1","      834"
"1"," 834"
"1"," -0.35"
"1"," 1.09"
"1"," -3.45"
"1"," -1.21"
"1"," -0.37"
"1"," 0.47"
"1"," 2.59"
"1"," ▁▂▇▇▇▇▃▁"
"1","
"
